{
  "usingComponents": {
    "ui-nav-bar": "../../packages/touchui-wx-components/ui-nav-bar/dist/index",
    "ui-sticky": "../../packages/touchui-wx-components/ui-sticky/dist/index",
    "ui-popup": "../../packages/touchui-wx-components/ui-popup/dist/index",
    "ui-check-list": "../../packages/touchui-wx-components/ui-check-list/dist/index",
    "ui-tabs": "../../packages/touchui-wx-components/ui-tabs/dist/index",
    "ui-tab": "../../packages/touchui-wx-components/ui-tab/dist/index",
    "ui-cascader": "../../packages/touchui-wx-components/ui-cascader/dist/index",
    "ui-tags": "../../packages/touchui-wx-components/ui-tags/dist/index"
  },
  "navigationBarTitleText": "吸顶容器应用案例",
  "navigationBarBorderColor": "rgba(231, 231, 231, 0.6)",
  "navigationBarBackgroundColor": "#FFFFFF",
  "navigationBarTextStyle": "black",
  "scrollType": "div"
}